Algorithm,CloudletId,Status,DatacenterId,VmId,StartTime,FinishTime,ExecutionTime,Cost
CCTSA,1,SUCCESS,2,3,0.0,1.21,1.21,49.44
CCTSA,7,SUCCESS,2,2,0.0,0.41,0.41,2.52
CCTSA,2,SUCCESS,2,2,0.41,1.38,0.97,6.0
CCTSA,8,SUCCESS,2,3,1.21,2.45,1.24,48.0
CCTSA,10,SUCCESS,2,1,0.0,1.13,1.13,1.35
CCTSA,4,SUCCESS,2,2,1.38,2.22,0.84,8.28
CCTSA,3,SUCCESS,2,2,2.22,3.82,1.6,15.36
CCTSA,5,SUCCESS,2,1,1.13,4.08,2.95,3.54
CCTSA,9,SUCCESS,2,3,2.45,2.99,0.54,21.6
CCTSA,6,SUCCESS,2,3,2.99,3.74,0.75,26.88
ETSA,1,SUCCESS,2,3,0.0,1.21,1.21,49.44
ETSA,2,SUCCESS,2,2,0.0,0.97,0.97,6.0
ETSA,8,SUCCESS,2,3,1.21,2.45,1.24,48.0
ETSA,3,SUCCESS,2,2,0.97,2.58,1.6,15.36
ETSA,7,SUCCESS,2,1,0.0,0.81,0.81,0.63
ETSA,10,SUCCESS,2,1,0.81,1.94,1.13,1.35
ETSA,5,SUCCESS,2,3,2.45,3.28,0.83,28.32
ETSA,9,SUCCESS,2,2,2.58,3.59,1.02,10.8
ETSA,6,SUCCESS,2,3,3.28,4.02,0.75,26.88
ETSA,4,SUCCESS,2,1,1.94,3.62,1.68,2.07
Standard Sufferage,1,SUCCESS,2,3,0.0,1.21,1.21,49.44
Standard Sufferage,2,SUCCESS,2,2,0.0,0.97,0.97,6.0
Standard Sufferage,7,SUCCESS,2,1,0.0,0.81,0.81,0.63
Standard Sufferage,8,SUCCESS,2,3,1.21,2.45,1.24,48.0
Standard Sufferage,6,SUCCESS,2,2,0.97,2.33,1.35,13.44
Standard Sufferage,10,SUCCESS,2,1,0.81,1.94,1.13,1.35
Standard Sufferage,3,SUCCESS,2,3,2.45,3.35,0.9,30.72
Standard Sufferage,9,SUCCESS,2,2,2.33,3.35,1.02,10.8
Standard Sufferage,4,SUCCESS,2,1,1.94,3.62,1.68,2.07
Standard Sufferage,5,SUCCESS,2,3,3.35,4.17,0.83,28.32
Min-Min,7,SUCCESS,2,3,0.0,0.26,0.26,5.04
Min-Min,10,SUCCESS,2,2,0.0,0.57,0.57,5.4
Min-Min,4,SUCCESS,2,3,0.26,0.73,0.46,16.56
Min-Min,9,SUCCESS,2,3,0.73,1.27,0.54,21.6
Min-Min,2,SUCCESS,2,2,0.57,1.54,0.97,6.0
Min-Min,6,SUCCESS,2,3,1.27,2.02,0.75,26.88
Min-Min,5,SUCCESS,2,3,2.02,2.84,0.83,28.32
Min-Min,3,SUCCESS,2,2,1.54,3.14,1.6,15.36
Min-Min,1,SUCCESS,2,3,2.84,4.05,1.21,49.44
Min-Min,8,SUCCESS,2,1,0.0,4.61,4.61,6.0
Round Robin (RR),1,SUCCESS,2,1,0.0,4.56,4.56,6.18
Round Robin (RR),2,SUCCESS,2,2,0.0,0.97,0.97,6.0
Round Robin (RR),3,SUCCESS,2,3,0.0,0.9,0.9,30.72
Round Robin (RR),4,SUCCESS,2,1,4.56,6.24,1.68,2.07
Round Robin (RR),5,SUCCESS,2,2,0.97,2.45,1.47,14.16
Round Robin (RR),6,SUCCESS,2,3,0.9,1.64,0.75,26.88
Round Robin (RR),7,SUCCESS,2,1,6.24,7.05,0.81,0.63
Round Robin (RR),8,SUCCESS,2,2,2.45,4.75,2.31,24.0
Round Robin (RR),9,SUCCESS,2,3,1.64,2.19,0.54,21.6
Round Robin (RR),10,SUCCESS,2,1,7.05,8.18,1.13,1.35
